-- MySQL dump 10.13  Distrib 8.0.31, for Win64 (x86_64)
--
-- Host: localhost    Database: dbp
-- ------------------------------------------------------
-- Server version	8.0.31

/*!40101 SET @OLD_CHARACTER_SET_CLIENT=@@CHARACTER_SET_CLIENT */;
/*!40101 SET @OLD_CHARACTER_SET_RESULTS=@@CHARACTER_SET_RESULTS */;
/*!40101 SET @OLD_COLLATION_CONNECTION=@@COLLATION_CONNECTION */;
/*!50503 SET NAMES utf8 */;
/*!40103 SET @OLD_TIME_ZONE=@@TIME_ZONE */;
/*!40103 SET TIME_ZONE='+00:00' */;
/*!40014 SET @OLD_UNIQUE_CHECKS=@@UNIQUE_CHECKS, UNIQUE_CHECKS=0 */;
/*!40014 SET @OLD_FOREIGN_KEY_CHECKS=@@FOREIGN_KEY_CHECKS, FOREIGN_KEY_CHECKS=0 */;
/*!40101 SET @OLD_SQL_MODE=@@SQL_MODE, SQL_MODE='NO_AUTO_VALUE_ON_ZERO' */;
/*!40111 SET @OLD_SQL_NOTES=@@SQL_NOTES, SQL_NOTES=0 */;

--
-- Table structure for table `accomodation_option`
--

DROP TABLE IF EXISTS `accomodation_option`;
/*!40101 SET @saved_cs_client     = @@character_set_client */;
/*!50503 SET character_set_client = utf8mb4 */;
CREATE TABLE `accomodation_option` (
  `ao_num` int NOT NULL AUTO_INCREMENT,
  `ao_name` varchar(20) NOT NULL,
  `ao_capacity` int NOT NULL,
  `ao_price` int NOT NULL,
  `ao_room_number` varchar(20) NOT NULL,
  `ao_room_detail` longtext NOT NULL,
  `ao_pd_num` int NOT NULL,
  PRIMARY KEY (`ao_num`)
) ENGINE=InnoDB AUTO_INCREMENT=15 DEFAULT CHARSET=utf8mb4 COLLATE=utf8mb4_0900_ai_ci;
/*!40101 SET character_set_client = @saved_cs_client */;

--
-- Dumping data for table `accomodation_option`
--

LOCK TABLES `accomodation_option` WRITE;
/*!40000 ALTER TABLE `accomodation_option` DISABLE KEYS */;
INSERT INTO `accomodation_option` VALUES (12,'1',1,1,'1','1',4),(13,'2',2,2,'2','2',4),(14,'3',3,3,'3','3',4);
/*!40000 ALTER TABLE `accomodation_option` ENABLE KEYS */;
UNLOCK TABLES;

--
-- Table structure for table `attendance`
--

DROP TABLE IF EXISTS `attendance`;
/*!40101 SET @saved_cs_client     = @@character_set_client */;
/*!50503 SET character_set_client = utf8mb4 */;
CREATE TABLE `attendance` (
  `ad_num` int NOT NULL AUTO_INCREMENT,
  `ad_me_id` varchar(45) NOT NULL,
  `ad_date` datetime NOT NULL DEFAULT CURRENT_TIMESTAMP,
  PRIMARY KEY (`ad_num`)
) ENGINE=InnoDB AUTO_INCREMENT=13 DEFAULT CHARSET=utf8mb4 COLLATE=utf8mb4_0900_ai_ci;
/*!40101 SET character_set_client = @saved_cs_client */;

--
-- Dumping data for table `attendance`
--

LOCK TABLES `attendance` WRITE;
/*!40000 ALTER TABLE `attendance` DISABLE KEYS */;
INSERT INTO `attendance` VALUES (3,'agh0113!','2023-05-10 16:10:09'),(4,'agh0113!','2023-05-09 16:10:09'),(12,'agh0113!','2023-05-11 00:07:37');
/*!40000 ALTER TABLE `attendance` ENABLE KEYS */;
UNLOCK TABLES;

--
-- Table structure for table `buy_list`
--

DROP TABLE IF EXISTS `buy_list`;
/*!40101 SET @saved_cs_client     = @@character_set_client */;
/*!50503 SET character_set_client = utf8mb4 */;
CREATE TABLE `buy_list` (
  `bl_num` varchar(45) NOT NULL,
  `bl_state` varchar(10) NOT NULL,
  `bl_total_price` int NOT NULL,
  `bl_stack_mile` int NOT NULL,
  `bl_use_mile` int DEFAULT NULL,
  `bl_me_id` varchar(12) NOT NULL,
  `bl_date` datetime NOT NULL DEFAULT CURRENT_TIMESTAMP,
  `bl_receipt_id` varchar(45) DEFAULT NULL,
  `bl_name` varchar(45) NOT NULL,
  PRIMARY KEY (`bl_num`),
  KEY `FK_member_TO_buy_list_1` (`bl_me_id`)
) ENGINE=InnoDB DEFAULT CHARSET=utf8mb4 COLLATE=utf8mb4_0900_ai_ci;
/*!40101 SET character_set_client = @saved_cs_client */;

--
-- Dumping data for table `buy_list`
--

LOCK TABLES `buy_list` WRITE;
/*!40000 ALTER TABLE `buy_list` DISABLE KEYS */;
/*!40000 ALTER TABLE `buy_list` ENABLE KEYS */;
UNLOCK TABLES;

--
-- Table structure for table `change_product`
--

DROP TABLE IF EXISTS `change_product`;
/*!40101 SET @saved_cs_client     = @@character_set_client */;
/*!50503 SET character_set_client = utf8mb4 */;
CREATE TABLE `change_product` (
  `cp_num` int NOT NULL AUTO_INCREMENT,
  `cp_pd_num` int NOT NULL,
  `cp_rated` int NOT NULL DEFAULT '0',
  `cp_viewcount` int NOT NULL DEFAULT '0',
  `cp_search_volume_count` int NOT NULL DEFAULT '0',
  `cp_date` datetime NOT NULL DEFAULT CURRENT_TIMESTAMP,
  PRIMARY KEY (`cp_num`)
) ENGINE=InnoDB DEFAULT CHARSET=utf8mb4 COLLATE=utf8mb4_0900_ai_ci;
/*!40101 SET character_set_client = @saved_cs_client */;

--
-- Dumping data for table `change_product`
--

LOCK TABLES `change_product` WRITE;
/*!40000 ALTER TABLE `change_product` DISABLE KEYS */;
/*!40000 ALTER TABLE `change_product` ENABLE KEYS */;
UNLOCK TABLES;

--
-- Table structure for table `course`
--

DROP TABLE IF EXISTS `course`;
/*!40101 SET @saved_cs_client     = @@character_set_client */;
/*!50503 SET character_set_client = utf8mb4 */;
CREATE TABLE `course` (
  `co_num` int NOT NULL AUTO_INCREMENT,
  `co_me_id` varchar(12) NOT NULL,
  `co_title` varchar(50) NOT NULL,
  `co_content` longtext NOT NULL,
  `co_cc_category_num` int NOT NULL,
  `co_cs_schedule_num` int NOT NULL,
  `co_total_distance` varchar(15) DEFAULT NULL,
  `co_register_date` datetime NOT NULL DEFAULT CURRENT_TIMESTAMP,
  `co_update_date` datetime DEFAULT NULL,
  `co_up` int NOT NULL DEFAULT '0',
  `co_views` int NOT NULL DEFAULT '0',
  `co_down` int NOT NULL DEFAULT '0',
  `co_report` int NOT NULL DEFAULT '0',
  PRIMARY KEY (`co_num`)
) ENGINE=InnoDB AUTO_INCREMENT=2 DEFAULT CHARSET=utf8mb4 COLLATE=utf8mb4_0900_ai_ci;
/*!40101 SET character_set_client = @saved_cs_client */;

--
-- Dumping data for table `course`
--

LOCK TABLES `course` WRITE;
/*!40000 ALTER TABLE `course` DISABLE KEYS */;
INSERT INTO `course` VALUES (1,'agh0113!','코스1','좋아요',1,2,'0','2023-05-09 21:01:07',NULL,0,0,0,0);
/*!40000 ALTER TABLE `course` ENABLE KEYS */;
UNLOCK TABLES;

--
-- Table structure for table `course_category`
--

DROP TABLE IF EXISTS `course_category`;
/*!40101 SET @saved_cs_client     = @@character_set_client */;
/*!50503 SET character_set_client = utf8mb4 */;
CREATE TABLE `course_category` (
  `cc_category_num` int NOT NULL AUTO_INCREMENT,
  `cc_category_name` varchar(45) DEFAULT NULL,
  PRIMARY KEY (`cc_category_num`)
) ENGINE=InnoDB AUTO_INCREMENT=8 DEFAULT CHARSET=utf8mb4 COLLATE=utf8mb4_0900_ai_ci;
/*!40101 SET character_set_client = @saved_cs_client */;

--
-- Dumping data for table `course_category`
--

LOCK TABLES `course_category` WRITE;
/*!40000 ALTER TABLE `course_category` DISABLE KEYS */;
INSERT INTO `course_category` VALUES (1,'가족코스'),(2,'혼자여행'),(3,'도보코스'),(4,'힐링코스'),(5,'맛 코스'),(6,'캠핑코스'),(7,'반려동물과 함께');
/*!40000 ALTER TABLE `course_category` ENABLE KEYS */;
UNLOCK TABLES;

--
-- Table structure for table `course_item`
--

DROP TABLE IF EXISTS `course_item`;
/*!40101 SET @saved_cs_client     = @@character_set_client */;
/*!50503 SET character_set_client = utf8mb4 */;
CREATE TABLE `course_item` (
  `ci_num` int NOT NULL AUTO_INCREMENT,
  `ci_index` varchar(255) NOT NULL,
  `ci_co_num` int NOT NULL,
  `ci_pd_num` int NOT NULL,
  PRIMARY KEY (`ci_num`)
) ENGINE=InnoDB AUTO_INCREMENT=2 DEFAULT CHARSET=utf8mb4 COLLATE=utf8mb4_0900_ai_ci;
/*!40101 SET character_set_client = @saved_cs_client */;

--
-- Dumping data for table `course_item`
--

LOCK TABLES `course_item` WRITE;
/*!40000 ALTER TABLE `course_item` DISABLE KEYS */;
INSERT INTO `course_item` VALUES (1,'1',1,1);
/*!40000 ALTER TABLE `course_item` ENABLE KEYS */;
UNLOCK TABLES;

--
-- Table structure for table `course_schedule`
--

DROP TABLE IF EXISTS `course_schedule`;
/*!40101 SET @saved_cs_client     = @@character_set_client */;
/*!50503 SET character_set_client = utf8mb4 */;
CREATE TABLE `course_schedule` (
  `cs_schedule_num` int NOT NULL AUTO_INCREMENT,
  `cs_schedule_name` varchar(45) DEFAULT NULL,
  PRIMARY KEY (`cs_schedule_num`)
) ENGINE=InnoDB AUTO_INCREMENT=4 DEFAULT CHARSET=utf8mb4 COLLATE=utf8mb4_0900_ai_ci;
/*!40101 SET character_set_client = @saved_cs_client */;

--
-- Dumping data for table `course_schedule`
--

LOCK TABLES `course_schedule` WRITE;
/*!40000 ALTER TABLE `course_schedule` DISABLE KEYS */;
INSERT INTO `course_schedule` VALUES (1,'당일여행'),(2,'1박2일'),(3,'2박3일 이상');
/*!40000 ALTER TABLE `course_schedule` ENABLE KEYS */;
UNLOCK TABLES;

--
-- Table structure for table `day_off`
--

DROP TABLE IF EXISTS `day_off`;
/*!40101 SET @saved_cs_client     = @@character_set_client */;
/*!50503 SET character_set_client = utf8mb4 */;
CREATE TABLE `day_off` (
  `do_num` int NOT NULL AUTO_INCREMENT,
  `do_pd_num` int NOT NULL,
  `do_state` char(2) NOT NULL,
  `do_date` varchar(3) DEFAULT NULL,
  PRIMARY KEY (`do_num`)
) ENGINE=InnoDB AUTO_INCREMENT=2 DEFAULT CHARSET=utf8mb4 COLLATE=utf8mb4_0900_ai_ci;
/*!40101 SET character_set_client = @saved_cs_client */;

--
-- Dumping data for table `day_off`
--

LOCK TABLES `day_off` WRITE;
/*!40000 ALTER TABLE `day_off` DISABLE KEYS */;
INSERT INTO `day_off` VALUES (1,1,'정','일');
/*!40000 ALTER TABLE `day_off` ENABLE KEYS */;
UNLOCK TABLES;

--
-- Table structure for table `festival_option`
--

DROP TABLE IF EXISTS `festival_option`;
/*!40101 SET @saved_cs_client     = @@character_set_client */;
/*!50503 SET character_set_client = utf8mb4 */;
CREATE TABLE `festival_option` (
  `fo_num` int NOT NULL AUTO_INCREMENT,
  `fo_price` int NOT NULL,
  `fo_age` varchar(6) NOT NULL,
  `fo_pd_num` int NOT NULL,
  PRIMARY KEY (`fo_num`)
) ENGINE=InnoDB AUTO_INCREMENT=2 DEFAULT CHARSET=utf8mb4 COLLATE=utf8mb4_0900_ai_ci;
/*!40101 SET character_set_client = @saved_cs_client */;

--
-- Dumping data for table `festival_option`
--

LOCK TABLES `festival_option` WRITE;
/*!40000 ALTER TABLE `festival_option` DISABLE KEYS */;
INSERT INTO `festival_option` VALUES (1,10,'무료',3);
/*!40000 ALTER TABLE `festival_option` ENABLE KEYS */;
UNLOCK TABLES;

--
-- Table structure for table `file`
--

DROP TABLE IF EXISTS `file`;
/*!40101 SET @saved_cs_client     = @@character_set_client */;
/*!50503 SET character_set_client = utf8mb4 */;
CREATE TABLE `file` (
  `fi_num` int NOT NULL AUTO_INCREMENT,
  `fi_category` varchar(20) DEFAULT NULL,
  `fi_ori_name` varchar(255) NOT NULL,
  `fi_name` varchar(255) NOT NULL,
  `fi_table` varchar(255) NOT NULL,
  `fi_table_key` int NOT NULL,
  PRIMARY KEY (`fi_num`)
) ENGINE=InnoDB AUTO_INCREMENT=23 DEFAULT CHARSET=utf8mb4 COLLATE=utf8mb4_0900_ai_ci;
/*!40101 SET character_set_client = @saved_cs_client */;

--
-- Dumping data for table `file`
--

LOCK TABLES `file` WRITE;
/*!40000 ALTER TABLE `file` DISABLE KEYS */;
INSERT INTO `file` VALUES (1,'게시글 썸네일','썸네일.jpg','/2023/05/09/0e975ea3-50f4-4c28-ad8d-7967a176a647_썸네일.jpg','product',1),(2,'게시글 대표이미지','더미1.jpg','/2023/05/09/a184f775-af25-468e-a84b-5b7d9b188374_더미1.jpg','product',1),(3,'게시글 대표이미지','더미2.jpg','/2023/05/09/a487801a-3d29-4f14-9b25-2745ee768d9a_더미2.jpg','product',1),(4,NULL,'더미2.jpg','/2023/05/09/7b12821a-9d54-4238-be92-22c61c54398d_더미2.jpg','review',1),(5,NULL,'썸네일.jpg','/2023/05/09/f0ac068b-d73e-4d33-92a7-554509b9b443_썸네일.jpg','review',2),(6,'게시글 썸네일','썸네일.jpg','/2023/05/10/8d01c055-d925-4e0e-a035-2374d939ac4b_썸네일.jpg','product',2),(7,'게시글 썸네일','썸네일.jpg','/2023/05/10/b112551b-c7a7-4b68-abad-5ea214ff1801_썸네일.jpg','product',3),(8,'게시글 썸네일','썸네일.jpg','/2023/05/10/e58baefb-231a-44f1-9c2a-176a26513d0b_썸네일.jpg','product',4),(9,NULL,'더미2.jpg','/2023/05/10/eb7736e1-5dbc-498b-ab4f-2125e735b303_더미2.jpg','accomodation_option',1),(10,NULL,'더미2.jpg','/2023/05/10/c0986ddc-42f1-4ab7-bc94-bd20ac60b255_더미2.jpg','accomodation_option',2),(11,NULL,'','/2023/05/10/89661ada-1e29-4a63-8f4d-e22277565bd2_','accomodation_option',3),(12,NULL,'','/2023/05/10/f3aef5ed-a39b-4a09-a62a-f18ed3654f46_','accomodation_option',4),(13,NULL,'','/2023/05/10/71819fe8-a9b8-4c45-b946-a6c9efffb941_','accomodation_option',5),(14,NULL,'','/2023/05/10/1f1848ff-79ca-4895-8170-79869ddbb29c_','accomodation_option',6),(15,NULL,'','/2023/05/10/4d6979f0-4a3e-40c2-935a-652e90b1ed6b_','accomodation_option',7),(16,NULL,'','/2023/05/10/eeb210e1-2e36-468c-9d79-9b251de747c4_','accomodation_option',8),(17,NULL,'','/2023/05/10/cc6c117b-7024-4694-874b-2afca5e21d8a_','accomodation_option',9),(18,NULL,'','/2023/05/10/e274f93a-bf15-4f9c-a853-83cfa188d598_','accomodation_option',10),(19,NULL,'','/2023/05/10/adb14002-8fa3-49cf-9c59-e3aa2b16fc7d_','accomodation_option',11),(20,NULL,'더미1.jpg','/2023/05/10/fd759910-a2b5-4d79-9ac5-a658e5663615_더미1.jpg','accomodation_option',12),(21,NULL,'더미2.jpg','/2023/05/10/9df0195a-4e4b-4ea7-8356-26dbff82aa9b_더미2.jpg','accomodation_option',13),(22,NULL,'썸네일.jpg','/2023/05/10/4b02a41e-26ec-4c7c-9341-99ac2a6a5d86_썸네일.jpg','accomodation_option',14);
/*!40000 ALTER TABLE `file` ENABLE KEYS */;
UNLOCK TABLES;

--
-- Table structure for table `file_checked`
--

DROP TABLE IF EXISTS `file_checked`;
/*!40101 SET @saved_cs_client     = @@character_set_client */;
/*!50503 SET character_set_client = utf8mb4 */;
CREATE TABLE `file_checked` (
  `fc_num` int NOT NULL AUTO_INCREMENT,
  `fc_fi_num` int NOT NULL,
  `fc_checked` int NOT NULL DEFAULT '0',
  PRIMARY KEY (`fc_num`),
  KEY `fc_fi_num_idx` (`fc_fi_num`),
  CONSTRAINT `fc_fi_num` FOREIGN KEY (`fc_fi_num`) REFERENCES `file` (`fi_num`) ON DELETE CASCADE ON UPDATE CASCADE
) ENGINE=InnoDB DEFAULT CHARSET=utf8mb4 COLLATE=utf8mb4_0900_ai_ci;
/*!40101 SET character_set_client = @saved_cs_client */;

--
-- Dumping data for table `file_checked`
--

LOCK TABLES `file_checked` WRITE;
/*!40000 ALTER TABLE `file_checked` DISABLE KEYS */;
/*!40000 ALTER TABLE `file_checked` ENABLE KEYS */;
UNLOCK TABLES;

--
-- Table structure for table `hash_tag`
--

DROP TABLE IF EXISTS `hash_tag`;
/*!40101 SET @saved_cs_client     = @@character_set_client */;
/*!50503 SET character_set_client = utf8mb4 */;
CREATE TABLE `hash_tag` (
  `hg_num` int NOT NULL AUTO_INCREMENT,
  `hg_name` varchar(50) NOT NULL,
  `hg_pd_num` int NOT NULL,
  PRIMARY KEY (`hg_num`)
) ENGINE=InnoDB AUTO_INCREMENT=5 DEFAULT CHARSET=utf8mb4 COLLATE=utf8mb4_0900_ai_ci;
/*!40101 SET character_set_client = @saved_cs_client */;

--
-- Dumping data for table `hash_tag`
--

LOCK TABLES `hash_tag` WRITE;
/*!40000 ALTER TABLE `hash_tag` DISABLE KEYS */;
INSERT INTO `hash_tag` VALUES (1,'따듯한곳',1),(2,'좋은곳',1),(3,'밥이 맛있는곳',1);
/*!40000 ALTER TABLE `hash_tag` ENABLE KEYS */;
UNLOCK TABLES;

--
-- Table structure for table `landmark_option`
--

DROP TABLE IF EXISTS `landmark_option`;
/*!40101 SET @saved_cs_client     = @@character_set_client */;
/*!50503 SET character_set_client = utf8mb4 */;
CREATE TABLE `landmark_option` (
  `lo_num` int NOT NULL AUTO_INCREMENT,
  `lo_price` int NOT NULL,
  `lo_age` varchar(6) NOT NULL,
  `lo_pd_num` int NOT NULL,
  PRIMARY KEY (`lo_num`)
) ENGINE=InnoDB AUTO_INCREMENT=5 DEFAULT CHARSET=utf8mb4 COLLATE=utf8mb4_0900_ai_ci;
/*!40101 SET character_set_client = @saved_cs_client */;

--
-- Dumping data for table `landmark_option`
--

LOCK TABLES `landmark_option` WRITE;
/*!40000 ALTER TABLE `landmark_option` DISABLE KEYS */;
INSERT INTO `landmark_option` VALUES (1,10000,'성인',1),(3,3000,'아동',1);
/*!40000 ALTER TABLE `landmark_option` ENABLE KEYS */;
UNLOCK TABLES;

--
-- Table structure for table `like`
--

DROP TABLE IF EXISTS `like`;
/*!40101 SET @saved_cs_client     = @@character_set_client */;
/*!50503 SET character_set_client = utf8mb4 */;
CREATE TABLE `like` (
  `li_num` int NOT NULL AUTO_INCREMENT,
  `li_me_id` varchar(12) NOT NULL,
  `li_table_key` int NOT NULL,
  `li_updown` int NOT NULL,
  `li_table` varchar(45) NOT NULL,
  PRIMARY KEY (`li_num`)
) ENGINE=InnoDB AUTO_INCREMENT=2 DEFAULT CHARSET=utf8mb4 COLLATE=utf8mb4_0900_ai_ci;
/*!40101 SET character_set_client = @saved_cs_client */;

--
-- Dumping data for table `like`
--

LOCK TABLES `like` WRITE;
/*!40000 ALTER TABLE `like` DISABLE KEYS */;
INSERT INTO `like` VALUES (1,'abcd',1,1,'review');
/*!40000 ALTER TABLE `like` ENABLE KEYS */;
UNLOCK TABLES;

--
-- Table structure for table `map_position`
--

DROP TABLE IF EXISTS `map_position`;
/*!40101 SET @saved_cs_client     = @@character_set_client */;
/*!50503 SET character_set_client = utf8mb4 */;
CREATE TABLE `map_position` (
  `mp_index` int NOT NULL AUTO_INCREMENT,
  `mp_x` double NOT NULL,
  `mp_y` double NOT NULL,
  `mp_pd_num` int NOT NULL,
  PRIMARY KEY (`mp_index`)
) ENGINE=InnoDB DEFAULT CHARSET=utf8mb4 COLLATE=utf8mb4_0900_ai_ci;
/*!40101 SET character_set_client = @saved_cs_client */;

--
-- Dumping data for table `map_position`
--

LOCK TABLES `map_position` WRITE;
/*!40000 ALTER TABLE `map_position` DISABLE KEYS */;
/*!40000 ALTER TABLE `map_position` ENABLE KEYS */;
UNLOCK TABLES;

--
-- Table structure for table `member`
--

DROP TABLE IF EXISTS `member`;
/*!40101 SET @saved_cs_client     = @@character_set_client */;
/*!50503 SET character_set_client = utf8mb4 */;
CREATE TABLE `member` (
  `me_id` varchar(12) NOT NULL,
  `me_pw` varchar(255) NOT NULL,
  `me_name` varchar(13) NOT NULL,
  `me_birthday` date NOT NULL,
  `me_phone` varchar(13) NOT NULL COMMENT 'unique_key',
  `me_gender` char(10) NOT NULL,
  `me_authority` int NOT NULL DEFAULT '1',
  `me_nickname` varchar(255) NOT NULL,
  `me_street_address` varchar(50) NOT NULL,
  `me_registered_address` varchar(50) NOT NULL,
  `me_detail_address` varchar(100) NOT NULL,
  `me_mileage` int NOT NULL DEFAULT '0',
  `me_session_id` varchar(45) DEFAULT NULL,
  `me_session_limit` datetime DEFAULT NULL,
  `me_ma_email` varchar(50) NOT NULL,
  `me_post` varchar(100) DEFAULT NULL,
  `me_score_ao` int NOT NULL DEFAULT '50',
  `me_score_fe` int NOT NULL DEFAULT '50',
  `me_score_la` int NOT NULL DEFAULT '50',
  `me_score_reo` int NOT NULL DEFAULT '50',
  PRIMARY KEY (`me_id`)
) ENGINE=InnoDB DEFAULT CHARSET=utf8mb4 COLLATE=utf8mb4_0900_ai_ci;
/*!40101 SET character_set_client = @saved_cs_client */;

--
-- Dumping data for table `member`
--

LOCK TABLES `member` WRITE;
/*!40000 ALTER TABLE `member` DISABLE KEYS */;
INSERT INTO `member` VALUES ('agh0113!','$2a$10$W2XjkpCHhA5zQad5KWZTR.DbSMnc.6RVXOH5gMLKcNBp9oCOhYr7m','안건우','1993-01-13','010-3151-7063','남성',10,'건우','서울 은평구 가좌로 165 (응암동)','서울 은평구 응암동 678-3','오벨리스크 401',415,'97568ADF08785F35FEF5ECF0B10B7C78','2023-05-17 23:46:17','zkoiu@naver.com','03479',50,50,52,50);
/*!40000 ALTER TABLE `member` ENABLE KEYS */;
UNLOCK TABLES;

--
-- Table structure for table `member_approve`
--

DROP TABLE IF EXISTS `member_approve`;
/*!40101 SET @saved_cs_client     = @@character_set_client */;
/*!50503 SET character_set_client = utf8mb4 */;
CREATE TABLE `member_approve` (
  `ma_email` varchar(50) NOT NULL,
  `ma_code` varchar(6) NOT NULL,
  `ma_validate_time` datetime NOT NULL,
  PRIMARY KEY (`ma_email`)
) ENGINE=InnoDB DEFAULT CHARSET=utf8mb4 COLLATE=utf8mb4_0900_ai_ci;
/*!40101 SET character_set_client = @saved_cs_client */;

--
-- Dumping data for table `member_approve`
--

LOCK TABLES `member_approve` WRITE;
/*!40000 ALTER TABLE `member_approve` DISABLE KEYS */;
/*!40000 ALTER TABLE `member_approve` ENABLE KEYS */;
UNLOCK TABLES;

--
-- Table structure for table `member_profile`
--

DROP TABLE IF EXISTS `member_profile`;
/*!40101 SET @saved_cs_client     = @@character_set_client */;
/*!50503 SET character_set_client = utf8mb4 */;
CREATE TABLE `member_profile` (
  `mf_num` int NOT NULL AUTO_INCREMENT,
  `mf_name` varchar(255) NOT NULL,
  `mf_ori_name` varchar(255) NOT NULL,
  `mf_me_id` varchar(12) NOT NULL,
  PRIMARY KEY (`mf_num`)
) ENGINE=InnoDB AUTO_INCREMENT=2 DEFAULT CHARSET=utf8mb4 COLLATE=utf8mb4_0900_ai_ci;
/*!40101 SET character_set_client = @saved_cs_client */;

--
-- Dumping data for table `member_profile`
--

LOCK TABLES `member_profile` WRITE;
/*!40000 ALTER TABLE `member_profile` DISABLE KEYS */;
INSERT INTO `member_profile` VALUES (1,'/2023/05/09/f9834b7d-67a8-43ce-8a7c-7e768356526a_더미2.jpg','더미2.jpg','agh0113!');
/*!40000 ALTER TABLE `member_profile` ENABLE KEYS */;
UNLOCK TABLES;

--
-- Table structure for table `mileage`
--

DROP TABLE IF EXISTS `mileage`;
/*!40101 SET @saved_cs_client     = @@character_set_client */;
/*!50503 SET character_set_client = utf8mb4 */;
CREATE TABLE `mileage` (
  `mi_num` int NOT NULL AUTO_INCREMENT,
  `mi_date` datetime NOT NULL DEFAULT CURRENT_TIMESTAMP,
  `mi_update` int NOT NULL,
  `mi_me_id` varchar(12) NOT NULL,
  `mi_bl_num` varchar(45) DEFAULT NULL,
  PRIMARY KEY (`mi_num`)
) ENGINE=InnoDB AUTO_INCREMENT=11 DEFAULT CHARSET=utf8mb4 COLLATE=utf8mb4_0900_ai_ci;
/*!40101 SET character_set_client = @saved_cs_client */;

--
-- Dumping data for table `mileage`
--

LOCK TABLES `mileage` WRITE;
/*!40000 ALTER TABLE `mileage` DISABLE KEYS */;
INSERT INTO `mileage` VALUES (4,'2023-05-09 21:07:58',100,'agh0113!','1'),(5,'2023-05-09 21:07:58',200,'agh0113!','1'),(6,'2023-05-09 21:07:58',300,'agh0113!','1'),(7,'2023-05-09 21:07:58',-200,'agh0113!','1'),(8,'2023-05-10 16:10:09',5,'agh0113!',NULL),(9,'2023-05-10 19:45:37',5,'agh0113!',NULL),(10,'2023-05-10 19:45:47',5,'agh0113!',NULL);
/*!40000 ALTER TABLE `mileage` ENABLE KEYS */;
UNLOCK TABLES;
/*!50003 SET @saved_cs_client      = @@character_set_client */ ;
/*!50003 SET @saved_cs_results     = @@character_set_results */ ;
/*!50003 SET @saved_col_connection = @@collation_connection */ ;
/*!50003 SET character_set_client  = utf8mb4 */ ;
/*!50003 SET character_set_results = utf8mb4 */ ;
/*!50003 SET collation_connection  = utf8mb4_0900_ai_ci */ ;
/*!50003 SET @saved_sql_mode       = @@sql_mode */ ;
/*!50003 SET sql_mode              = 'ONLY_FULL_GROUP_BY,STRICT_TRANS_TABLES,NO_ZERO_IN_DATE,NO_ZERO_DATE,ERROR_FOR_DIVISION_BY_ZERO,NO_ENGINE_SUBSTITUTION' */ ;
DELIMITER ;;
/*!50003 CREATE*/ /*!50017 DEFINER=`root`@`localhost`*/ /*!50003 TRIGGER `mileage_AFTER_INSERT` AFTER INSERT ON `mileage` FOR EACH ROW BEGIN
    UPDATE member
    SET me_mileage = (
        SELECT SUM(mi_update)
        FROM mileage
        WHERE mi_me_id = NEW.mi_me_id
    )
    WHERE me_id = NEW.mi_me_id;
END */;;
DELIMITER ;
/*!50003 SET sql_mode              = @saved_sql_mode */ ;
/*!50003 SET character_set_client  = @saved_cs_client */ ;
/*!50003 SET character_set_results = @saved_cs_results */ ;
/*!50003 SET collation_connection  = @saved_col_connection */ ;

--
-- Table structure for table `note`
--

DROP TABLE IF EXISTS `note`;
/*!40101 SET @saved_cs_client     = @@character_set_client */;
/*!50503 SET character_set_client = utf8mb4 */;
CREATE TABLE `note` (
  `nt_num` int NOT NULL AUTO_INCREMENT,
  `nt_sender` varchar(45) NOT NULL,
  `nt_receiver` varchar(45) NOT NULL,
  `nt_is_read` tinyint(1) NOT NULL DEFAULT '0',
  `nt_content` longtext NOT NULL,
  `nt_date` datetime NOT NULL DEFAULT CURRENT_TIMESTAMP,
  PRIMARY KEY (`nt_num`)
) ENGINE=InnoDB AUTO_INCREMENT=10 DEFAULT CHARSET=utf8mb4 COLLATE=utf8mb4_0900_ai_ci;
/*!40101 SET character_set_client = @saved_cs_client */;

--
-- Dumping data for table `note`
--

LOCK TABLES `note` WRITE;
/*!40000 ALTER TABLE `note` DISABLE KEYS */;
INSERT INTO `note` VALUES (3,'agh0113!','agh0113!',1,'하이하이!','2023-05-11 03:09:14'),(4,'agh0113!','ㅁㅇㅁㄴ',1,'ㅇㅁㄴㅁ','2023-05-11 03:09:19'),(5,'agh0113!','agh0113!',1,'ㅎㅎ','2023-05-11 03:12:01'),(6,'agh0113!','agh0113!',1,'ㅇㅇㅇㅇㅇㅇㅇㅇㅇㅇㅇㅇㅇㅇㅇㅇㅇㅇㅇㅇㅇㅇㅇㅇㅇㅇㅇㅇㅇㅇㅇㅇㅇㅇㅇㅇㅇㅇ','2023-05-11 03:12:08'),(8,'agh0113!','agh0113!',1,'asjnbsdfdifuyojkgjnsdjkgshjkdgjsgkbhksgd\n\n그렇습닝ㅁ넉ㅎㄻ니ㅏㄹ머ㅏ함뉴허ㅏ뫃ㄹ나ㅣㅎㄴ;하노ㅓㅜㅎㄶㄶㄴㅇㅁㅎ','2023-05-11 03:16:14'),(9,'agh0113!','agh0113!',1,'dfas','2023-05-11 04:31:37');
/*!40000 ALTER TABLE `note` ENABLE KEYS */;
UNLOCK TABLES;

--
-- Table structure for table `order_list`
--

DROP TABLE IF EXISTS `order_list`;
/*!40101 SET @saved_cs_client     = @@character_set_client */;
/*!50503 SET character_set_client = utf8mb4 */;
CREATE TABLE `order_list` (
  `ol_num` int NOT NULL AUTO_INCREMENT,
  `ol_amount` int NOT NULL,
  `ol_price` int NOT NULL,
  `ol_bl_num` varchar(20) NOT NULL,
  `ol_table` varchar(30) NOT NULL,
  `ol_table_key` int NOT NULL,
  `ol_date` date NOT NULL,
  `ol_time` int DEFAULT NULL,
  PRIMARY KEY (`ol_num`)
) ENGINE=InnoDB DEFAULT CHARSET=utf8mb4 COLLATE=utf8mb4_0900_ai_ci;
/*!40101 SET character_set_client = @saved_cs_client */;

--
-- Dumping data for table `order_list`
--

LOCK TABLES `order_list` WRITE;
/*!40000 ALTER TABLE `order_list` DISABLE KEYS */;
/*!40000 ALTER TABLE `order_list` ENABLE KEYS */;
UNLOCK TABLES;

--
-- Table structure for table `product`
--

DROP TABLE IF EXISTS `product`;
/*!40101 SET @saved_cs_client     = @@character_set_client */;
/*!50503 SET character_set_client = utf8mb4 */;
CREATE TABLE `product` (
  `pd_num` int NOT NULL AUTO_INCREMENT,
  `pd_title` varchar(50) NOT NULL,
  `pd_content` longtext NOT NULL,
  `pd_subtitle` varchar(50) NOT NULL,
  `pd_street_address` varchar(50) NOT NULL,
  `pd_registerd_address` varchar(50) NOT NULL,
  `pd_detail_address` varchar(100) NOT NULL,
  `pd_parking` varchar(10) NOT NULL,
  `pd_capacity` int NOT NULL,
  `pd_viewcount` int NOT NULL DEFAULT '0',
  `pd_open_time` time NOT NULL,
  `pd_close_time` time NOT NULL,
  `pd_pc_num` int NOT NULL,
  `pd_fe_start` datetime DEFAULT CURRENT_TIMESTAMP,
  `pd_fe_end` datetime DEFAULT CURRENT_TIMESTAMP,
  `pd_score` int NOT NULL DEFAULT '100',
  PRIMARY KEY (`pd_num`)
) ENGINE=InnoDB AUTO_INCREMENT=5 DEFAULT CHARSET=utf8mb4 COLLATE=utf8mb4_0900_ai_ci;
/*!40101 SET character_set_client = @saved_cs_client */;

--
-- Dumping data for table `product`
--

LOCK TABLES `product` WRITE;
/*!40000 ALTER TABLE `product` DISABLE KEYS */;
INSERT INTO `product` VALUES (1,'좋은 여행지를 소개합니다','<p>아주 좋은 여행지가 있어서 소개하고 싶어요</p><p><br></p><p>오세요 모두 놀러오세요</p><p><br></p><p>춤추거라 춤춰 모두 춤추거라</p>','기분 좋은 여행지','경기 성남시 분당구 대왕판교로 477 (판교동)','경기 성남시 분당구 판교동 649','대왕동','가능',100,15,'01:30:00','00:30:00',1,NULL,NULL,128),(2,'ㅇㅁㄴㅇ','<p>ㄹㅇㅁㄴ</p>','ㅇㅁㅇ','경기 성남시 분당구 대왕판교로 477 (판교동)','경기 성남시 분당구 판교동 649','ㅇㅁㄴ','가능',11,0,'00:30:00','01:30:00',2,NULL,NULL,100),(3,'축제','<p>축제<br></p>','축제','경기 고양시 일산서구 가좌로 1 (가좌동, 네이처)','경기 고양시 일산서구 가좌동 158-2','축제','가능',11,1,'00:30:00','00:30:00',4,'2023-05-01 00:00:00','2023-05-06 00:00:00',101),(4,'숙박','<p>숙박<br></p>','숙박','경기 고양시 일산서구 가좌로 1 (가좌동, 네이처)','경기 고양시 일산서구 가좌동 158-2','숙박','가능',11,14,'00:30:00','00:30:00',3,NULL,NULL,114);
/*!40000 ALTER TABLE `product` ENABLE KEYS */;
UNLOCK TABLES;
/*!50003 SET @saved_cs_client      = @@character_set_client */ ;
/*!50003 SET @saved_cs_results     = @@character_set_results */ ;
/*!50003 SET @saved_col_connection = @@collation_connection */ ;
/*!50003 SET character_set_client  = utf8mb4 */ ;
/*!50003 SET character_set_results = utf8mb4 */ ;
/*!50003 SET collation_connection  = utf8mb4_0900_ai_ci */ ;
/*!50003 SET @saved_sql_mode       = @@sql_mode */ ;
/*!50003 SET sql_mode              = 'STRICT_TRANS_TABLES,NO_ZERO_IN_DATE,NO_ZERO_DATE,ERROR_FOR_DIVISION_BY_ZERO,NO_ENGINE_SUBSTITUTION' */ ;
DELIMITER ;;
/*!50003 CREATE*/ /*!50017 DEFINER=`root`@`localhost`*/ /*!50003 TRIGGER `product_BEFORE_DELETE` BEFORE DELETE ON `product` FOR EACH ROW BEGIN
 DECLARE pd_pc_num INT;
    DECLARE pd_num INT;
    
    SET pd_pc_num = OLD.pd_pc_num;
    SET pd_num = OLD.pd_num;

    IF pd_pc_num = 1 THEN
        DELETE FROM landmark_option WHERE lo_pd_num = pd_num;
    ELSEIF pd_pc_num = 2 THEN
        DELETE FROM restraunt_option WHERE reo_pd_num = pd_num;
    ELSEIF pd_pc_num = 3 THEN
        DELETE FROM accomodation_option WHERE ao_pd_num = pd_num;
    ELSEIF pd_pc_num = 4 THEN
        DELETE FROM festival_option WHERE fo_pd_num = pd_num;
    END IF;

    DELETE FROM day_off WHERE do_pd_num = pd_num;
    DELETE FROM file WHERE fi_table_key = pd_num AND fi_table = 'product';
    DELETE FROM hash_tag WHERE hg_pd_num = pd_num;
    DELETE FROM qna WHERE qa_pd_num = pd_num;
    DELETE FROM review WHERE re_pd_num = pd_num;
    DELETE FROM search_keyword WHERE sk_pd_num = pd_num;
    DELETE FROM wishitem WHERE wi_pd_num = pd_num;

    DELETE FROM qna_answer WHERE qaa_qa_num IN (SELECT qa_num FROM qna WHERE qa_pd_num = pd_num);
    DELETE FROM review_comment WHERE rc_re_num IN (SELECT re_num FROM review WHERE re_pd_num = pd_num);
END */;;
DELIMITER ;
/*!50003 SET sql_mode              = @saved_sql_mode */ ;
/*!50003 SET character_set_client  = @saved_cs_client */ ;
/*!50003 SET character_set_results = @saved_cs_results */ ;
/*!50003 SET collation_connection  = @saved_col_connection */ ;

--
-- Table structure for table `product_category`
--

DROP TABLE IF EXISTS `product_category`;
/*!40101 SET @saved_cs_client     = @@character_set_client */;
/*!50503 SET character_set_client = utf8mb4 */;
CREATE TABLE `product_category` (
  `pc_num` int NOT NULL AUTO_INCREMENT,
  `pc_category` varchar(10) NOT NULL,
  PRIMARY KEY (`pc_num`)
) ENGINE=InnoDB AUTO_INCREMENT=9 DEFAULT CHARSET=utf8mb4 COLLATE=utf8mb4_0900_ai_ci;
/*!40101 SET character_set_client = @saved_cs_client */;

--
-- Dumping data for table `product_category`
--

LOCK TABLES `product_category` WRITE;
/*!40000 ALTER TABLE `product_category` DISABLE KEYS */;
INSERT INTO `product_category` VALUES (1,'여행지'),(2,'음식점'),(3,'숙박'),(4,'축제');
/*!40000 ALTER TABLE `product_category` ENABLE KEYS */;
UNLOCK TABLES;

--
-- Table structure for table `product_checked`
--

DROP TABLE IF EXISTS `product_checked`;
/*!40101 SET @saved_cs_client     = @@character_set_client */;
/*!50503 SET character_set_client = utf8mb4 */;
CREATE TABLE `product_checked` (
  `pdc_num` int NOT NULL AUTO_INCREMENT,
  `pdc_checked` char(1) NOT NULL DEFAULT '0',
  `pdc_pd_num` int NOT NULL,
  PRIMARY KEY (`pdc_num`)
) ENGINE=InnoDB DEFAULT CHARSET=utf8mb4 COLLATE=utf8mb4_0900_ai_ci;
/*!40101 SET character_set_client = @saved_cs_client */;

--
-- Dumping data for table `product_checked`
--

LOCK TABLES `product_checked` WRITE;
/*!40000 ALTER TABLE `product_checked` DISABLE KEYS */;
/*!40000 ALTER TABLE `product_checked` ENABLE KEYS */;
UNLOCK TABLES;

--
-- Table structure for table `qna`
--

DROP TABLE IF EXISTS `qna`;
/*!40101 SET @saved_cs_client     = @@character_set_client */;
/*!50503 SET character_set_client = utf8mb4 */;
CREATE TABLE `qna` (
  `qa_num` int NOT NULL AUTO_INCREMENT,
  `qa_title` varchar(100) NOT NULL,
  `qa_content` longtext NOT NULL,
  `qa_registerd_date` datetime NOT NULL DEFAULT CURRENT_TIMESTAMP,
  `qa_state` varchar(10) NOT NULL,
  `qa_me_id` varchar(12) NOT NULL,
  `qa_pd_num` int NOT NULL DEFAULT '0',
  `qa_qs_category` varchar(10) NOT NULL,
  PRIMARY KEY (`qa_num`),
  KEY `FK_member_TO_Q&A_1` (`qa_me_id`),
  KEY `FK_Q&A_Sub_Category_TO_Q&A_1` (`qa_qs_category`),
  CONSTRAINT `FK_member_TO_Q&A_1` FOREIGN KEY (`qa_me_id`) REFERENCES `member` (`me_id`),
  CONSTRAINT `FK_Q&A_Sub_Category_TO_Q&A_1` FOREIGN KEY (`qa_qs_category`) REFERENCES `qna_sub_category` (`qs_category`)
) ENGINE=InnoDB AUTO_INCREMENT=4 DEFAULT CHARSET=utf8mb4 COLLATE=utf8mb4_0900_ai_ci;
/*!40101 SET character_set_client = @saved_cs_client */;

--
-- Dumping data for table `qna`
--

LOCK TABLES `qna` WRITE;
/*!40000 ALTER TABLE `qna` DISABLE KEYS */;
INSERT INTO `qna` VALUES (1,'접속이 안되여','왜 안될까여 슈밤','2023-05-09 20:36:36','1','agh0113!',1,'사이트 기타'),(2,'ㅎㄹㅇ','ㅎㅇㄹ','2023-05-10 16:38:14','0','agh0113!',1,'이용오류'),(3,'ㅇㅁㄴ','ㅇㅁㄴ','2023-05-10 16:43:12','1','agh0113!',0,'건의 요청');
/*!40000 ALTER TABLE `qna` ENABLE KEYS */;
UNLOCK TABLES;

--
-- Table structure for table `qna_answer`
--

DROP TABLE IF EXISTS `qna_answer`;
/*!40101 SET @saved_cs_client     = @@character_set_client */;
/*!50503 SET character_set_client = utf8mb4 */;
CREATE TABLE `qna_answer` (
  `qaa_num` int NOT NULL AUTO_INCREMENT,
  `qaa_qa_num` int NOT NULL,
  `qaa_content` longtext NOT NULL,
  `qaa_registerd_date` datetime NOT NULL DEFAULT CURRENT_TIMESTAMP,
  PRIMARY KEY (`qaa_num`),
  KEY `FK_Q&A_TO_Q&A_Answer_1` (`qaa_qa_num`),
  CONSTRAINT `FK_Q&A_TO_Q&A_Answer_1` FOREIGN KEY (`qaa_qa_num`) REFERENCES `qna` (`qa_num`)
) ENGINE=InnoDB AUTO_INCREMENT=3 DEFAULT CHARSET=utf8mb4 COLLATE=utf8mb4_0900_ai_ci;
/*!40101 SET character_set_client = @saved_cs_client */;

--
-- Dumping data for table `qna_answer`
--

LOCK TABLES `qna_answer` WRITE;
/*!40000 ALTER TABLE `qna_answer` DISABLE KEYS */;
INSERT INTO `qna_answer` VALUES (1,3,'ㅇㄴㅁㅇㅁ','2023-05-10 16:43:38'),(2,1,'ㅇㄴㅁㅇㄴㅁㅇ','2023-05-10 16:43:41');
/*!40000 ALTER TABLE `qna_answer` ENABLE KEYS */;
UNLOCK TABLES;

--
-- Table structure for table `qna_category`
--

DROP TABLE IF EXISTS `qna_category`;
/*!40101 SET @saved_cs_client     = @@character_set_client */;
/*!50503 SET character_set_client = utf8mb4 */;
CREATE TABLE `qna_category` (
  `qc_category` varchar(10) NOT NULL,
  PRIMARY KEY (`qc_category`)
) ENGINE=InnoDB DEFAULT CHARSET=utf8mb4 COLLATE=utf8mb4_0900_ai_ci;
/*!40101 SET character_set_client = @saved_cs_client */;

--
-- Dumping data for table `qna_category`
--

LOCK TABLES `qna_category` WRITE;
/*!40000 ALTER TABLE `qna_category` DISABLE KEYS */;
INSERT INTO `qna_category` VALUES ('사이트 이용 문의'),('상품 관련 문의');
/*!40000 ALTER TABLE `qna_category` ENABLE KEYS */;
UNLOCK TABLES;

--
-- Table structure for table `qna_sub_category`
--

DROP TABLE IF EXISTS `qna_sub_category`;
/*!40101 SET @saved_cs_client     = @@character_set_client */;
/*!50503 SET character_set_client = utf8mb4 */;
CREATE TABLE `qna_sub_category` (
  `qs_category` varchar(10) NOT NULL,
  `qs_qc_category` varchar(10) NOT NULL,
  PRIMARY KEY (`qs_category`),
  KEY `FK_Q&A_Category_TO_Q&A_Sub_Category_1` (`qs_qc_category`),
  CONSTRAINT `FK_Q&A_Category_TO_Q&A_Sub_Category_1` FOREIGN KEY (`qs_qc_category`) REFERENCES `qna_category` (`qc_category`) ON DELETE CASCADE ON UPDATE CASCADE
) ENGINE=InnoDB DEFAULT CHARSET=utf8mb4 COLLATE=utf8mb4_0900_ai_ci;
/*!40101 SET character_set_client = @saved_cs_client */;

--
-- Dumping data for table `qna_sub_category`
--

LOCK TABLES `qna_sub_category` WRITE;
/*!40000 ALTER TABLE `qna_sub_category` DISABLE KEYS */;
INSERT INTO `qna_sub_category` VALUES ('건의 요청','사이트 이용 문의'),('사이트 기타','사이트 이용 문의'),('이용오류','사이트 이용 문의'),('결제','상품 관련 문의'),('상품 기타','상품 관련 문의'),('예약','상품 관련 문의');
/*!40000 ALTER TABLE `qna_sub_category` ENABLE KEYS */;
UNLOCK TABLES;

--
-- Table structure for table `report`
--

DROP TABLE IF EXISTS `report`;
/*!40101 SET @saved_cs_client     = @@character_set_client */;
/*!50503 SET character_set_client = utf8mb4 */;
CREATE TABLE `report` (
  `rep_num` int NOT NULL AUTO_INCREMENT,
  `rep_table_key` int NOT NULL,
  `rep_content` longtext NOT NULL,
  `rep_date` datetime NOT NULL DEFAULT CURRENT_TIMESTAMP,
  `rep_category` varchar(25) NOT NULL,
  `rep_table` varchar(45) DEFAULT NULL,
  `rep_me_id` varchar(12) NOT NULL,
  PRIMARY KEY (`rep_num`)
) ENGINE=InnoDB DEFAULT CHARSET=utf8mb4 COLLATE=utf8mb4_0900_ai_ci;
/*!40101 SET character_set_client = @saved_cs_client */;

--
-- Dumping data for table `report`
--

LOCK TABLES `report` WRITE;
/*!40000 ALTER TABLE `report` DISABLE KEYS */;
/*!40000 ALTER TABLE `report` ENABLE KEYS */;
UNLOCK TABLES;

--
-- Table structure for table `reservated_option`
--

DROP TABLE IF EXISTS `reservated_option`;
/*!40101 SET @saved_cs_client     = @@character_set_client */;
/*!50503 SET character_set_client = utf8mb4 */;
CREATE TABLE `reservated_option` (
  `ro_num` int NOT NULL AUTO_INCREMENT,
  `ro_option_name` varchar(30) NOT NULL,
  `ro_date` date NOT NULL,
  `ro_time` int NOT NULL,
  `ro_pd_num` int NOT NULL,
  `ro_me_id` varchar(12) NOT NULL,
  `ro_bl_num` varchar(45) NOT NULL,
  PRIMARY KEY (`ro_num`)
) ENGINE=InnoDB DEFAULT CHARSET=utf8mb4 COLLATE=utf8mb4_0900_ai_ci;
/*!40101 SET character_set_client = @saved_cs_client */;

--
-- Dumping data for table `reservated_option`
--

LOCK TABLES `reservated_option` WRITE;
/*!40000 ALTER TABLE `reservated_option` DISABLE KEYS */;
/*!40000 ALTER TABLE `reservated_option` ENABLE KEYS */;
UNLOCK TABLES;

--
-- Table structure for table `reservation_room`
--

DROP TABLE IF EXISTS `reservation_room`;
/*!40101 SET @saved_cs_client     = @@character_set_client */;
/*!50503 SET character_set_client = utf8mb4 */;
CREATE TABLE `reservation_room` (
  `rr_num` int NOT NULL AUTO_INCREMENT,
  `rr_check_in` date NOT NULL,
  `rr_check_out` date NOT NULL,
  `rr_ao_num` int NOT NULL,
  `rr_pd_num` int NOT NULL,
  `rr_me_id` varchar(12) NOT NULL,
  `rr_bl_num` varchar(45) NOT NULL,
  PRIMARY KEY (`rr_num`)
) ENGINE=InnoDB DEFAULT CHARSET=utf8mb4 COLLATE=utf8mb4_0900_ai_ci;
/*!40101 SET character_set_client = @saved_cs_client */;

--
-- Dumping data for table `reservation_room`
--

LOCK TABLES `reservation_room` WRITE;
/*!40000 ALTER TABLE `reservation_room` DISABLE KEYS */;
/*!40000 ALTER TABLE `reservation_room` ENABLE KEYS */;
UNLOCK TABLES;

--
-- Table structure for table `restraunt_option`
--

DROP TABLE IF EXISTS `restraunt_option`;
/*!40101 SET @saved_cs_client     = @@character_set_client */;
/*!50503 SET character_set_client = utf8mb4 */;
CREATE TABLE `restraunt_option` (
  `reo_num` int NOT NULL AUTO_INCREMENT,
  `reo_name` varchar(30) NOT NULL,
  `reo_price` int NOT NULL,
  `reo_content` varchar(100) NOT NULL,
  `reo_pd_num` int NOT NULL,
  PRIMARY KEY (`reo_num`)
) ENGINE=InnoDB DEFAULT CHARSET=utf8mb4 COLLATE=utf8mb4_0900_ai_ci;
/*!40101 SET character_set_client = @saved_cs_client */;

--
-- Dumping data for table `restraunt_option`
--

LOCK TABLES `restraunt_option` WRITE;
/*!40000 ALTER TABLE `restraunt_option` DISABLE KEYS */;
/*!40000 ALTER TABLE `restraunt_option` ENABLE KEYS */;
UNLOCK TABLES;

--
-- Table structure for table `review`
--

DROP TABLE IF EXISTS `review`;
/*!40101 SET @saved_cs_client     = @@character_set_client */;
/*!50503 SET character_set_client = utf8mb4 */;
CREATE TABLE `review` (
  `re_num` int NOT NULL AUTO_INCREMENT,
  `re_me_id` varchar(12) NOT NULL,
  `re_content` longtext NOT NULL,
  `re_date` datetime NOT NULL DEFAULT CURRENT_TIMESTAMP,
  `re_update_date` datetime DEFAULT NULL,
  `re_rating` float NOT NULL,
  `re_pd_num` int NOT NULL,
  PRIMARY KEY (`re_num`)
) ENGINE=InnoDB AUTO_INCREMENT=3 DEFAULT CHARSET=utf8mb4 COLLATE=utf8mb4_0900_ai_ci;
/*!40101 SET character_set_client = @saved_cs_client */;

--
-- Dumping data for table `review`
--

LOCK TABLES `review` WRITE;
/*!40000 ALTER TABLE `review` DISABLE KEYS */;
INSERT INTO `review` VALUES (1,'agh0113!','맛있네요!','2023-05-09 20:39:40',NULL,5,1),(2,'agh0113!','생각보다별로..','2023-05-09 21:03:11',NULL,4,1);
/*!40000 ALTER TABLE `review` ENABLE KEYS */;
UNLOCK TABLES;
/*!50003 SET @saved_cs_client      = @@character_set_client */ ;
/*!50003 SET @saved_cs_results     = @@character_set_results */ ;
/*!50003 SET @saved_col_connection = @@collation_connection */ ;
/*!50003 SET character_set_client  = utf8mb4 */ ;
/*!50003 SET character_set_results = utf8mb4 */ ;
/*!50003 SET collation_connection  = utf8mb4_0900_ai_ci */ ;
/*!50003 SET @saved_sql_mode       = @@sql_mode */ ;
/*!50003 SET sql_mode              = 'STRICT_TRANS_TABLES,NO_ZERO_IN_DATE,NO_ZERO_DATE,ERROR_FOR_DIVISION_BY_ZERO,NO_ENGINE_SUBSTITUTION' */ ;
DELIMITER ;;
/*!50003 CREATE*/ /*!50017 DEFINER=`root`@`localhost`*/ /*!50003 TRIGGER `review_AFTER_INSERT` AFTER INSERT ON `review` FOR EACH ROW BEGIN
 UPDATE product
  SET pd_score =
    CASE NEW.re_rating
      WHEN 5 THEN pd_score + 5
      WHEN 4 THEN pd_score + 3
      WHEN 2 THEN pd_score - 3
      WHEN 1 THEN pd_score - 5
      ELSE pd_score
    END
  WHERE pd_num = NEW.re_pd_num;
END */;;
DELIMITER ;
/*!50003 SET sql_mode              = @saved_sql_mode */ ;
/*!50003 SET character_set_client  = @saved_cs_client */ ;
/*!50003 SET character_set_results = @saved_cs_results */ ;
/*!50003 SET collation_connection  = @saved_col_connection */ ;

--
-- Table structure for table `review_comment`
--

DROP TABLE IF EXISTS `review_comment`;
/*!40101 SET @saved_cs_client     = @@character_set_client */;
/*!50503 SET character_set_client = utf8mb4 */;
CREATE TABLE `review_comment` (
  `rc_num` int NOT NULL AUTO_INCREMENT,
  `rc_re_num` int NOT NULL,
  `rc_me_id` varchar(12) NOT NULL,
  `rc_content` longtext NOT NULL,
  `rc_date` datetime NOT NULL DEFAULT CURRENT_TIMESTAMP,
  PRIMARY KEY (`rc_num`)
) ENGINE=InnoDB DEFAULT CHARSET=utf8mb4 COLLATE=utf8mb4_0900_ai_ci;
/*!40101 SET character_set_client = @saved_cs_client */;

--
-- Dumping data for table `review_comment`
--

LOCK TABLES `review_comment` WRITE;
/*!40000 ALTER TABLE `review_comment` DISABLE KEYS */;
/*!40000 ALTER TABLE `review_comment` ENABLE KEYS */;
UNLOCK TABLES;

--
-- Table structure for table `search_keyword`
--

DROP TABLE IF EXISTS `search_keyword`;
/*!40101 SET @saved_cs_client     = @@character_set_client */;
/*!50503 SET character_set_client = utf8mb4 */;
CREATE TABLE `search_keyword` (
  `sk_num` int NOT NULL AUTO_INCREMENT,
  `sk_keyword` varchar(45) NOT NULL,
  `sk_pd_num` int DEFAULT NULL,
  `sk_date` datetime NOT NULL DEFAULT CURRENT_TIMESTAMP,
  `sk_id` varchar(45) DEFAULT NULL,
  PRIMARY KEY (`sk_num`)
) ENGINE=InnoDB AUTO_INCREMENT=8 DEFAULT CHARSET=utf8mb4 COLLATE=utf8mb4_0900_ai_ci;
/*!40101 SET character_set_client = @saved_cs_client */;

--
-- Dumping data for table `search_keyword`
--

LOCK TABLES `search_keyword` WRITE;
/*!40000 ALTER TABLE `search_keyword` DISABLE KEYS */;
INSERT INTO `search_keyword` VALUES (1,'utr',0,'2023-05-09 20:20:21',NULL),(2,'ENEN',0,'2023-05-09 20:24:28','agh0113!'),(3,'좋은',0,'2023-05-09 20:58:20','agh0113!'),(4,'좋은',1,'2023-05-09 20:58:23','agh0113!'),(5,'여행지',0,'2023-05-10 16:53:30','agh0113!'),(6,'여행지',0,'2023-05-10 16:53:47','agh0113!'),(7,'여행지',1,'2023-05-10 16:53:48','agh0113!');
/*!40000 ALTER TABLE `search_keyword` ENABLE KEYS */;
UNLOCK TABLES;
/*!50003 SET @saved_cs_client      = @@character_set_client */ ;
/*!50003 SET @saved_cs_results     = @@character_set_results */ ;
/*!50003 SET @saved_col_connection = @@collation_connection */ ;
/*!50003 SET character_set_client  = utf8mb4 */ ;
/*!50003 SET character_set_results = utf8mb4 */ ;
/*!50003 SET collation_connection  = utf8mb4_0900_ai_ci */ ;
/*!50003 SET @saved_sql_mode       = @@sql_mode */ ;
/*!50003 SET sql_mode              = 'STRICT_TRANS_TABLES,NO_ZERO_IN_DATE,NO_ZERO_DATE,ERROR_FOR_DIVISION_BY_ZERO,NO_ENGINE_SUBSTITUTION' */ ;
DELIMITER ;;
/*!50003 CREATE*/ /*!50017 DEFINER=`root`@`localhost`*/ /*!50003 TRIGGER `search_keyword_AFTER_INSERT` AFTER INSERT ON `search_keyword` FOR EACH ROW BEGIN
 DECLARE pc_num INT;
  IF NEW.sk_id = '' THEN
    UPDATE product SET pd_score = pd_score + 1 WHERE pd_num = NEW.sk_pd_num;
  ELSE
    UPDATE product SET pd_score = pd_score + 1 WHERE pd_num = NEW.sk_pd_num;
   
    SELECT pd_pc_num INTO pc_num FROM product WHERE pd_num = NEW.sk_pd_num;
    IF pc_num = 1 THEN
      UPDATE member SET me_score_la = me_score_la + 1 WHERE me_id = NEW.sk_id;
    ELSEIF pc_num = 2 THEN
      UPDATE member SET me_score_reo = me_score_reo + 1 WHERE me_id = NEW.sk_id;
    ELSEIF pc_num = 3 THEN
      UPDATE member SET me_score_ao = me_score_ao + 1 WHERE me_id = NEW.sk_id;
    ELSEIF pc_num = 4 THEN
      UPDATE member SET me_score_fe = me_score_fe + 1 WHERE me_id = NEW.sk_id;
    END IF;
  END IF;
END */;;
DELIMITER ;
/*!50003 SET sql_mode              = @saved_sql_mode */ ;
/*!50003 SET character_set_client  = @saved_cs_client */ ;
/*!50003 SET character_set_results = @saved_cs_results */ ;
/*!50003 SET collation_connection  = @saved_col_connection */ ;

--
-- Table structure for table `shopping_basket`
--

DROP TABLE IF EXISTS `shopping_basket`;
/*!40101 SET @saved_cs_client     = @@character_set_client */;
/*!50503 SET character_set_client = utf8mb4 */;
CREATE TABLE `shopping_basket` (
  `sb_num` int NOT NULL AUTO_INCREMENT,
  `sb_me_id` varchar(12) NOT NULL,
  `sb_amount` int NOT NULL,
  `sb_table` varchar(30) NOT NULL,
  `sb_table_key` int NOT NULL,
  `sb_price` int NOT NULL,
  `sb_date` date NOT NULL,
  `sb_time` int DEFAULT NULL,
  PRIMARY KEY (`sb_num`),
  KEY `FK_member_TO_shopping_basket_1` (`sb_me_id`),
  CONSTRAINT `FK_member_TO_shopping_basket_1` FOREIGN KEY (`sb_me_id`) REFERENCES `member` (`me_id`)
) ENGINE=InnoDB AUTO_INCREMENT=268 DEFAULT CHARSET=utf8mb4 COLLATE=utf8mb4_0900_ai_ci;
/*!40101 SET character_set_client = @saved_cs_client */;

--
-- Dumping data for table `shopping_basket`
--

LOCK TABLES `shopping_basket` WRITE;
/*!40000 ALTER TABLE `shopping_basket` DISABLE KEYS */;
/*!40000 ALTER TABLE `shopping_basket` ENABLE KEYS */;
UNLOCK TABLES;

--
-- Table structure for table `temp_off`
--

DROP TABLE IF EXISTS `temp_off`;
/*!40101 SET @saved_cs_client     = @@character_set_client */;
/*!50503 SET character_set_client = utf8mb4 */;
CREATE TABLE `temp_off` (
  `to_num` int NOT NULL AUTO_INCREMENT,
  `to_do_num` int NOT NULL,
  `to_start` date NOT NULL,
  `to_end` date NOT NULL,
  PRIMARY KEY (`to_num`),
  KEY `FK_day_off_TO_temp_off_1` (`to_do_num`),
  CONSTRAINT `FK_day_off_TO_temp_off_1` FOREIGN KEY (`to_do_num`) REFERENCES `day_off` (`do_num`)
) ENGINE=InnoDB DEFAULT CHARSET=utf8mb4 COLLATE=utf8mb4_0900_ai_ci;
/*!40101 SET character_set_client = @saved_cs_client */;

--
-- Dumping data for table `temp_off`
--

LOCK TABLES `temp_off` WRITE;
/*!40000 ALTER TABLE `temp_off` DISABLE KEYS */;
/*!40000 ALTER TABLE `temp_off` ENABLE KEYS */;
UNLOCK TABLES;
/*!50003 SET @saved_cs_client      = @@character_set_client */ ;
/*!50003 SET @saved_cs_results     = @@character_set_results */ ;
/*!50003 SET @saved_col_connection = @@collation_connection */ ;
/*!50003 SET character_set_client  = utf8mb4 */ ;
/*!50003 SET character_set_results = utf8mb4 */ ;
/*!50003 SET collation_connection  = utf8mb4_0900_ai_ci */ ;
/*!50003 SET @saved_sql_mode       = @@sql_mode */ ;
/*!50003 SET sql_mode              = 'STRICT_TRANS_TABLES,NO_ZERO_IN_DATE,NO_ZERO_DATE,ERROR_FOR_DIVISION_BY_ZERO,NO_ENGINE_SUBSTITUTION' */ ;
DELIMITER ;;
/*!50003 CREATE*/ /*!50017 DEFINER=`root`@`localhost`*/ /*!50003 TRIGGER `temp_off_AFTER_DELETE` AFTER DELETE ON `temp_off` FOR EACH ROW BEGIN
	delete from day_off where to_do_num=do_num;
END */;;
DELIMITER ;
/*!50003 SET sql_mode              = @saved_sql_mode */ ;
/*!50003 SET character_set_client  = @saved_cs_client */ ;
/*!50003 SET character_set_results = @saved_cs_results */ ;
/*!50003 SET collation_connection  = @saved_col_connection */ ;

--
-- Table structure for table `use_member`
--

DROP TABLE IF EXISTS `use_member`;
/*!40101 SET @saved_cs_client     = @@character_set_client */;
/*!50503 SET character_set_client = utf8mb4 */;
CREATE TABLE `use_member` (
  `um_bl_num` varchar(45) NOT NULL,
  `um_name` varchar(10) NOT NULL,
  `um_email` varchar(30) NOT NULL,
  `um_phone` varchar(13) NOT NULL,
  PRIMARY KEY (`um_bl_num`)
) ENGINE=InnoDB DEFAULT CHARSET=utf8mb4 COLLATE=utf8mb4_0900_ai_ci;
/*!40101 SET character_set_client = @saved_cs_client */;

--
-- Dumping data for table `use_member`
--

LOCK TABLES `use_member` WRITE;
/*!40000 ALTER TABLE `use_member` DISABLE KEYS */;
/*!40000 ALTER TABLE `use_member` ENABLE KEYS */;
UNLOCK TABLES;

--
-- Table structure for table `visited`
--

DROP TABLE IF EXISTS `visited`;
/*!40101 SET @saved_cs_client     = @@character_set_client */;
/*!50503 SET character_set_client = utf8mb4 */;
CREATE TABLE `visited` (
  `vi_num` int NOT NULL AUTO_INCREMENT,
  `vi_session_id` varchar(255) NOT NULL,
  `vi_date` datetime NOT NULL DEFAULT CURRENT_TIMESTAMP,
  `vi_is_member` char(4) NOT NULL DEFAULT 'NO',
  PRIMARY KEY (`vi_num`)
) ENGINE=InnoDB AUTO_INCREMENT=6 DEFAULT CHARSET=utf8mb4 COLLATE=utf8mb4_0900_ai_ci;
/*!40101 SET character_set_client = @saved_cs_client */;

--
-- Dumping data for table `visited`
--

LOCK TABLES `visited` WRITE;
/*!40000 ALTER TABLE `visited` DISABLE KEYS */;
INSERT INTO `visited` VALUES (1,'DAFE7F8BFB0757C755EED7CE3F19B81E','2023-05-09 20:23:57','YES'),(2,'32D7B3F17502E53BFEEFAA2939AAE6FD','2023-05-10 15:31:15','YES'),(3,'97568ADF08785F35FEF5ECF0B10B7C78','2023-05-10 23:46:12','YES'),(4,'9CC8816C73EE18D7D732D5AA76C4A79B','2023-05-10 23:47:19','YES'),(5,'DA1BBDBA5B8A1E7A0CC5286F68B32B49','2023-05-11 02:30:07','YES');
/*!40000 ALTER TABLE `visited` ENABLE KEYS */;
UNLOCK TABLES;

--
-- Table structure for table `wishitem`
--

DROP TABLE IF EXISTS `wishitem`;
/*!40101 SET @saved_cs_client     = @@character_set_client */;
/*!50503 SET character_set_client = utf8mb4 */;
CREATE TABLE `wishitem` (
  `wi_num` int NOT NULL AUTO_INCREMENT,
  `wi_pd_num` int NOT NULL,
  `wi_me_id` varchar(12) NOT NULL,
  PRIMARY KEY (`wi_num`)
) ENGINE=InnoDB AUTO_INCREMENT=2 DEFAULT CHARSET=utf8mb4 COLLATE=utf8mb4_0900_ai_ci;
/*!40101 SET character_set_client = @saved_cs_client */;

--
-- Dumping data for table `wishitem`
--

LOCK TABLES `wishitem` WRITE;
/*!40000 ALTER TABLE `wishitem` DISABLE KEYS */;
INSERT INTO `wishitem` VALUES (1,1,'agh0113!');
/*!40000 ALTER TABLE `wishitem` ENABLE KEYS */;
UNLOCK TABLES;
/*!50003 SET @saved_cs_client      = @@character_set_client */ ;
/*!50003 SET @saved_cs_results     = @@character_set_results */ ;
/*!50003 SET @saved_col_connection = @@collation_connection */ ;
/*!50003 SET character_set_client  = utf8mb4 */ ;
/*!50003 SET character_set_results = utf8mb4 */ ;
/*!50003 SET collation_connection  = utf8mb4_0900_ai_ci */ ;
/*!50003 SET @saved_sql_mode       = @@sql_mode */ ;
/*!50003 SET sql_mode              = 'STRICT_TRANS_TABLES,NO_ZERO_IN_DATE,NO_ZERO_DATE,ERROR_FOR_DIVISION_BY_ZERO,NO_ENGINE_SUBSTITUTION' */ ;
DELIMITER ;;
/*!50003 CREATE*/ /*!50017 DEFINER=`root`@`localhost`*/ /*!50003 TRIGGER `wishitem_AFTER_INSERT` AFTER INSERT ON `wishitem` FOR EACH ROW BEGIN
UPDATE product SET pd_score = pd_score + 3 WHERE pd_num = NEW.wi_pd_num;
END */;;
DELIMITER ;
/*!50003 SET sql_mode              = @saved_sql_mode */ ;
/*!50003 SET character_set_client  = @saved_cs_client */ ;
/*!50003 SET character_set_results = @saved_cs_results */ ;
/*!50003 SET collation_connection  = @saved_col_connection */ ;
/*!50003 SET @saved_cs_client      = @@character_set_client */ ;
/*!50003 SET @saved_cs_results     = @@character_set_results */ ;
/*!50003 SET @saved_col_connection = @@collation_connection */ ;
/*!50003 SET character_set_client  = utf8mb4 */ ;
/*!50003 SET character_set_results = utf8mb4 */ ;
/*!50003 SET collation_connection  = utf8mb4_0900_ai_ci */ ;
/*!50003 SET @saved_sql_mode       = @@sql_mode */ ;
/*!50003 SET sql_mode              = 'STRICT_TRANS_TABLES,NO_ZERO_IN_DATE,NO_ZERO_DATE,ERROR_FOR_DIVISION_BY_ZERO,NO_ENGINE_SUBSTITUTION' */ ;
DELIMITER ;;
/*!50003 CREATE*/ /*!50017 DEFINER=`root`@`localhost`*/ /*!50003 TRIGGER `wishitem_AFTER_DELETE` AFTER DELETE ON `wishitem` FOR EACH ROW BEGIN
UPDATE product SET pd_score = pd_score - 3 WHERE pd_num = OLD.wi_pd_num;
END */;;
DELIMITER ;
/*!50003 SET sql_mode              = @saved_sql_mode */ ;
/*!50003 SET character_set_client  = @saved_cs_client */ ;
/*!50003 SET character_set_results = @saved_cs_results */ ;
/*!50003 SET collation_connection  = @saved_col_connection */ ;

--
-- Dumping events for database 'dbp'
--
/*!50106 SET @save_time_zone= @@TIME_ZONE */ ;
/*!50106 DROP EVENT IF EXISTS `cp_event_scheduler` */;
DELIMITER ;;
/*!50003 SET @saved_cs_client      = @@character_set_client */ ;;
/*!50003 SET @saved_cs_results     = @@character_set_results */ ;;
/*!50003 SET @saved_col_connection = @@collation_connection */ ;;
/*!50003 SET character_set_client  = utf8mb4 */ ;;
/*!50003 SET character_set_results = utf8mb4 */ ;;
/*!50003 SET collation_connection  = utf8mb4_0900_ai_ci */ ;;
/*!50003 SET @saved_sql_mode       = @@sql_mode */ ;;
/*!50003 SET sql_mode              = 'STRICT_TRANS_TABLES,NO_ZERO_IN_DATE,NO_ZERO_DATE,ERROR_FOR_DIVISION_BY_ZERO,NO_ENGINE_SUBSTITUTION' */ ;;
/*!50003 SET @saved_time_zone      = @@time_zone */ ;;
/*!50003 SET time_zone             = 'SYSTEM' */ ;;
/*!50106 CREATE*/ /*!50117 DEFINER=`root`@`localhost`*/ /*!50106 EVENT `cp_event_scheduler` ON SCHEDULE EVERY 1 WEEK STARTS '2023-05-10 20:00:00' ON COMPLETION PRESERVE ENABLE DO BEGIN
  -- change_product 테이블에 새로운 레코드 삽입
  INSERT INTO change_product (cp_pd_num, cp_rate, cp_viewcount, cp_search_volume_count, cp_date)
  SELECT
    pd_num AS cp_pd_num,
    (SELECT COUNT(*) FROM wishlist WHERE pd_num = wi_pd_num) AS cp_rate,
    pd_viewcount AS cp_viewcount,
    (SELECT COUNT(*) FROM search_keyword WHERE sk_pd_num = pd_num) AS cp_search_volume_count,
    NOW() AS cp_date
  FROM product;

  -- cp_date가 오늘로부터 2년이상 지난 정보 삭제
  DELETE FROM change_product WHERE cp_date < DATE_SUB(NOW(), INTERVAL 2 YEAR);
END */ ;;
/*!50003 SET time_zone             = @saved_time_zone */ ;;
/*!50003 SET sql_mode              = @saved_sql_mode */ ;;
/*!50003 SET character_set_client  = @saved_cs_client */ ;;
/*!50003 SET character_set_results = @saved_cs_results */ ;;
/*!50003 SET collation_connection  = @saved_col_connection */ ;;
/*!50106 DROP EVENT IF EXISTS `search_keyword` */;;
DELIMITER ;;
/*!50003 SET @saved_cs_client      = @@character_set_client */ ;;
/*!50003 SET @saved_cs_results     = @@character_set_results */ ;;
/*!50003 SET @saved_col_connection = @@collation_connection */ ;;
/*!50003 SET character_set_client  = utf8mb4 */ ;;
/*!50003 SET character_set_results = utf8mb4 */ ;;
/*!50003 SET collation_connection  = utf8mb4_0900_ai_ci */ ;;
/*!50003 SET @saved_sql_mode       = @@sql_mode */ ;;
/*!50003 SET sql_mode              = 'STRICT_TRANS_TABLES,NO_ZERO_IN_DATE,NO_ZERO_DATE,ERROR_FOR_DIVISION_BY_ZERO,NO_ENGINE_SUBSTITUTION' */ ;;
/*!50003 SET @saved_time_zone      = @@time_zone */ ;;
/*!50003 SET time_zone             = 'SYSTEM' */ ;;
/*!50106 CREATE*/ /*!50117 DEFINER=`root`@`localhost`*/ /*!50106 EVENT `search_keyword` ON SCHEDULE EVERY 1 WEEK STARTS '2023-05-09 19:42:02' ON COMPLETION PRESERVE ENABLE DO DELETE FROM search_keyword WHERE sk_date < DATE_SUB(NOW(), INTERVAL 3 YEAR) */ ;;
/*!50003 SET time_zone             = @saved_time_zone */ ;;
/*!50003 SET sql_mode              = @saved_sql_mode */ ;;
/*!50003 SET character_set_client  = @saved_cs_client */ ;;
/*!50003 SET character_set_results = @saved_cs_results */ ;;
/*!50003 SET collation_connection  = @saved_col_connection */ ;;
/*!50106 DROP EVENT IF EXISTS `to_cleanup_event` */;;
DELIMITER ;;
/*!50003 SET @saved_cs_client      = @@character_set_client */ ;;
/*!50003 SET @saved_cs_results     = @@character_set_results */ ;;
/*!50003 SET @saved_col_connection = @@collation_connection */ ;;
/*!50003 SET character_set_client  = utf8mb4 */ ;;
/*!50003 SET character_set_results = utf8mb4 */ ;;
/*!50003 SET collation_connection  = utf8mb4_0900_ai_ci */ ;;
/*!50003 SET @saved_sql_mode       = @@sql_mode */ ;;
/*!50003 SET sql_mode              = 'STRICT_TRANS_TABLES,NO_ZERO_IN_DATE,NO_ZERO_DATE,ERROR_FOR_DIVISION_BY_ZERO,NO_ENGINE_SUBSTITUTION' */ ;;
/*!50003 SET @saved_time_zone      = @@time_zone */ ;;
/*!50003 SET time_zone             = 'SYSTEM' */ ;;
/*!50106 CREATE*/ /*!50117 DEFINER=`root`@`localhost`*/ /*!50106 EVENT `to_cleanup_event` ON SCHEDULE EVERY 1 WEEK STARTS '2023-05-09 19:43:34' ON COMPLETION PRESERVE ENABLE DO DELETE FROM temp_off WHERE to_end < DATE_SUB(NOW(), INTERVAL 1 YEAR) */ ;;
/*!50003 SET time_zone             = @saved_time_zone */ ;;
/*!50003 SET sql_mode              = @saved_sql_mode */ ;;
/*!50003 SET character_set_client  = @saved_cs_client */ ;;
/*!50003 SET character_set_results = @saved_cs_results */ ;;
/*!50003 SET collation_connection  = @saved_col_connection */ ;;
/*!50106 DROP EVENT IF EXISTS `vi_cleanup_event` */;;
DELIMITER ;;
/*!50003 SET @saved_cs_client      = @@character_set_client */ ;;
/*!50003 SET @saved_cs_results     = @@character_set_results */ ;;
/*!50003 SET @saved_col_connection = @@collation_connection */ ;;
/*!50003 SET character_set_client  = utf8mb4 */ ;;
/*!50003 SET character_set_results = utf8mb4 */ ;;
/*!50003 SET collation_connection  = utf8mb4_0900_ai_ci */ ;;
/*!50003 SET @saved_sql_mode       = @@sql_mode */ ;;
/*!50003 SET sql_mode              = 'STRICT_TRANS_TABLES,NO_ZERO_IN_DATE,NO_ZERO_DATE,ERROR_FOR_DIVISION_BY_ZERO,NO_ENGINE_SUBSTITUTION' */ ;;
/*!50003 SET @saved_time_zone      = @@time_zone */ ;;
/*!50003 SET time_zone             = 'SYSTEM' */ ;;
/*!50106 CREATE*/ /*!50117 DEFINER=`root`@`localhost`*/ /*!50106 EVENT `vi_cleanup_event` ON SCHEDULE EVERY 1 WEEK STARTS '2023-05-09 19:39:45' ON COMPLETION PRESERVE ENABLE DO DELETE FROM visited WHERE vi_date < DATE_SUB(NOW(), INTERVAL 2 YEAR) */ ;;
/*!50003 SET time_zone             = @saved_time_zone */ ;;
/*!50003 SET sql_mode              = @saved_sql_mode */ ;;
/*!50003 SET character_set_client  = @saved_cs_client */ ;;
/*!50003 SET character_set_results = @saved_cs_results */ ;;
/*!50003 SET collation_connection  = @saved_col_connection */ ;;
DELIMITER ;
/*!50106 SET TIME_ZONE= @save_time_zone */ ;

--
-- Dumping routines for database 'dbp'
--
/*!40103 SET TIME_ZONE=@OLD_TIME_ZONE */;

/*!40101 SET SQL_MODE=@OLD_SQL_MODE */;
/*!40014 SET FOREIGN_KEY_CHECKS=@OLD_FOREIGN_KEY_CHECKS */;
/*!40014 SET UNIQUE_CHECKS=@OLD_UNIQUE_CHECKS */;
/*!40101 SET CHARACTER_SET_CLIENT=@OLD_CHARACTER_SET_CLIENT */;
/*!40101 SET CHARACTER_SET_RESULTS=@OLD_CHARACTER_SET_RESULTS */;
/*!40101 SET COLLATION_CONNECTION=@OLD_COLLATION_CONNECTION */;
/*!40111 SET SQL_NOTES=@OLD_SQL_NOTES */;

-- Dump completed on 2023-05-11  4:38:44
